{"cameraMode":{"drawMode":0,"name":"Shaded","section":"Shading Mode"},"sceneLighting":true,"audioPlay":false,"sceneViewState":{"m_AlwaysRefresh":false,"showFog":true,"showSkybox":true,"showFlares":true,"showImageEffects":true,"showParticleSystems":true,"showVisualEffectGraphs":true,"m_FxEnabled":true},"in2DMode":false,"pivot":{"x":11.877531051635743,"y":-23.714069366455079,"z":6.821162223815918},"rotation":{"x":0.23390397429466248,"y":0.765977144241333,"z":-0.4137968420982361,"w":0.43295907974243166},"size":26.798248291015626,"orthographic":false}